Name,Category,Rating
U.S. Polo Assn.,Men Clarkin Sneakers,4.3|11.4k
Roadster,Men Sneakers,3.7|3.6k
HIGHLANDER,Men Sneakers,4|4.4k
U.S. Polo Assn.,Men Colourblocked Sneakers,4.4|8.9k
Jack & Jones,Men Sneakers,4.5|439
Kook N Keech,WomenStriped Mid-Top Sneakers,4.1|843
Mast & Harbour,Men Striped Sneakers,4.4|387
HIGHLANDER,Men Solid Sneakers,4.1|145
U.S. Polo Assn.,Men Solid Sneakers,5|7
Roadster,Men Sneakers,4.6|174
Skechers,Women Perforations Sneakers,4.1|3.1k
HIGHLANDER,Men Solid Sneakers,4.4|283
Puma,Unisex Duke Sneakers,4.3|686
U.S. Polo Assn.,Men Colourblocked Sneakers,4.3|1.4k
ADIDAS Originals,Men ZX 22 BOOST Sneakers,3.9|253
Puma,Unisex Sneakers,4.1|380
U.S. Polo Assn.,Men MOORE 2.0 Sneakers,4.2|2.9k
Mactree,Men Colourblocked PU Sneakers,4.4|181
Harvard,Men Printed High-Top Sneakers,4.3|125
Roadster,Women Textured Sneakers,4.4|46
Roadster,Men Colourblocked Sneakers,4.8|8
Jack & Jones,Men Solid Sneakers,4.2|644
Kook N Keech,Women Woven Design Sneakers,4.4|2k
Red Tape,Women Sneakers,4.4|16
HIGHLANDER,Men Sneakers,3.9|734
PUMA Motorsport,MAPF1 Electron E Pro Sneakers,4.1|1k
Mactree,Men Colourblocked PU Sneakers,4.4|331
U.S. Polo Assn.,Men Capron 2.0 Sneakers,4.6|22
Puma,Women Sneakers,4.3|140
Puma,Men Knit Slip-On Sneakers,4.1|481
Jack & Jones,Men Textured Sneakers,4.7|10
HIGHLANDER,Men Solid Leather Sneakers,4.1|2.9k
U.S. Polo Assn.,Men MADRYN 2.O Sneakers,4.2|186
Roadster,Women Mid-Top Chelsea Sneakers,4.4|203
Shoetopia,Women Sneakers,4.1|86
HIGHLANDER,Men Solid Sneakers,4.1|1.4k
Jack & Jones,Men Textured Sneakers,4.3|1.2k
U.S. Polo Assn.,Men GAIMAN 2.O Sneakers,4.9|12
Nike,Men TANJUN Sneakers,4.3|154
HIGHLANDER,Men Sneakers,4|461
Mactree,Men Colourblocked PU Sneakers,4.2|690
U.S. Polo Assn.,Men OCTAVIA Slip-On Sneakers,3.7|835
Jack & Jones,Men Casual Sneakers,4.2|631
HIGHLANDER,Men Woven Design Sneakers,4.6|249
Roadster,Men Casual Sneakers,3.8|1.8k
XE Looks,Women Printed Sneakers,4.2|1.5k
U.S. Polo Assn.,Men CAPRON 2.0 Sneakers,3.8|1.1k
Puma,Women Sneakers,4.2|396
AfroJack,Women Sneakers,3.7|52
Nautica,Men Solid Perforated Sneakers,4.7|43
HIGHLANDER,Men Solid Sneakers,4.2|559
Roadster,Women Sneakers,3.7|3
Layasa,Women Slip-On Sneakers,4|125
AfroJack,Women Sneakers,3.8|12
Red Tape,Women Woven Design Sneakers,4.5|1.1k
Puma,Unisex Slip-On Sneakers,4.5|358
HIGHLANDER,Men Sneakers,4.1|3.6k
Truffle Collection,Women Woven Design Sneakers,4.3|577
U.S. Polo Assn.,Men Sneakers,3.9|578
WROGN,Men Colourblocked Sneakers,4.4|1.1k
Kook N Keech,Men Woven Design Sneakers,4.1|402
U.S. Polo Assn.,Men CARLIN Slip on Sneakers,4.5|387
Mactree,Men Colourblocked PU Sneakers,4|102
ELIXIR MAN,Men Colourblocked Sneakers,4.4|56
RapidBox,Men Woven Design Sneakers,3.9|214
Roadster,Men Solid Sneakers,4.4|29
El Paso,Women Sneakers,4|2.4k
U.S. Polo Assn.,Men CLARKIN 2.0 Sneakers,4.1|446
HIGHLANDER,Men Solid Sneakers,4.2|211
